Date,Speaker,Statement
2020-01-01,Emily Clark,Trade agreements must be fair and equitable for American workers.
2020-01-02,Michael Johnson,Trade agreements must be fair and equitable for American workers.
2020-01-03,John Doe,Climate change legislation is crucial for our future.
2020-01-04,Emily Clark,Trade agreements must be fair and equitable for American workers.
2020-01-05,Emily Clark,Trade agreements must be fair and equitable for American workers.
2020-01-06,Michael Johnson,We should enhance international collaboration for global peace.
2020-01-07,John Doe,Climate change legislation is crucial for our future.
2020-01-08,John Doe,We should enhance international collaboration for global peace.
2020-01-09,Emily Clark,We should enhance international collaboration for global peace.
2020-01-10,Jane Smith,Climate change legislation is crucial for our future.
2020-01-11,Emily Clark,We must strengthen our stance against foreign threats.
2020-01-12,Emily Clark,We should enhance international collaboration for global peace.
2020-01-13,Emily Clark,Technology and data privacy must be protected.
2020-01-14,Emily Clark,Technology and data privacy must be protected.
2020-01-15,Michael Johnson,Trade agreements must be fair and equitable for American workers.
2020-01-16,John Doe,Technology and data privacy must be protected.
2020-01-17,Michael Johnson,Trade agreements must be fair and equitable for American workers.
2020-01-18,Michael Johnson,We must strengthen our stance against foreign threats.
2020-01-19,Michael Johnson,Climate change legislation is crucial for our future.
2020-01-20,Emily Clark,Climate change legislation is crucial for our future.
2020-01-21,Jane Smith,Climate change legislation is crucial for our future.
2020-01-22,John Doe,Technology and data privacy must be protected.
2020-01-23,Jane Smith,We must strengthen our stance against foreign threats.
2020-01-24,Michael Johnson,Technology and data privacy must be protected.
2020-01-25,Michael Johnson,Technology and data privacy must be protected.
2020-01-26,Jane Smith,We must strengthen our stance against foreign threats.
2020-01-27,Jane Smith,We must strengthen our stance against foreign threats.
2020-01-28,Jane Smith,We must strengthen our stance against foreign threats.
2020-01-29,Michael Johnson,We must strengthen our stance against foreign threats.
2020-01-30,Michael Johnson,Climate change legislation is crucial for our future.
2020-01-31,John Doe,National security is our top priority in this policy decision.
2020-02-01,John Doe,National security is our top priority in this policy decision.
2020-02-02,Michael Johnson,We must strengthen our stance against foreign threats.
2020-02-03,Jane Smith,National security is our top priority in this policy decision.
2020-02-04,Jane Smith,National security is our top priority in this policy decision.
2020-02-05,John Doe,We must strengthen our stance against foreign threats.
2020-02-06,Michael Johnson,National security is our top priority in this policy decision.
2020-02-07,John Doe,Technology and data privacy must be protected.
2020-02-08,John Doe,Trade agreements must be fair and equitable for American workers.
2020-02-09,Emily Clark,Trade agreements must be fair and equitable for American workers.
2020-02-10,Emily Clark,We must strengthen our stance against foreign threats.
2020-02-11,Emily Clark,Climate change legislation is crucial for our future.
2020-02-12,Jane Smith,We must strengthen our stance against foreign threats.
2020-02-13,Michael Johnson,Climate change legislation is crucial for our future.
2020-02-14,Michael Johnson,Trade agreements must be fair and equitable for American workers.
2020-02-15,Michael Johnson,We must strengthen our stance against foreign threats.
2020-02-16,Michael Johnson,We should enhance international collaboration for global peace.
2020-02-17,Emily Clark,Technology and data privacy must be protected.
2020-02-18,Jane Smith,National security is our top priority in this policy decision.
2020-02-19,Jane Smith,Climate change legislation is crucial for our future.
2020-02-20,Emily Clark,We should enhance international collaboration for global peace.
2020-02-21,Jane Smith,National security is our top priority in this policy decision.
2020-02-22,Emily Clark,National security is our top priority in this policy decision.
2020-02-23,Michael Johnson,We must strengthen our stance against foreign threats.
2020-02-24,Emily Clark,National security is our top priority in this policy decision.
2020-02-25,Michael Johnson,Technology and data privacy must be protected.
2020-02-26,Michael Johnson,We should enhance international collaboration for global peace.
2020-02-27,John Doe,National security is our top priority in this policy decision.
2020-02-28,Emily Clark,We must strengthen our stance against foreign threats.
2020-02-29,John Doe,Technology and data privacy must be protected.
2020-03-01,Emily Clark,Trade agreements must be fair and equitable for American workers.
2020-03-02,Emily Clark,We should enhance international collaboration for global peace.
2020-03-03,John Doe,National security is our top priority in this policy decision.
2020-03-04,John Doe,We must strengthen our stance against foreign threats.
2020-03-05,Emily Clark,Trade agreements must be fair and equitable for American workers.
2020-03-06,Jane Smith,Trade agreements must be fair and equitable for American workers.
2020-03-07,Michael Johnson,Climate change legislation is crucial for our future.
2020-03-08,John Doe,Technology and data privacy must be protected.
2020-03-09,Michael Johnson,National security is our top priority in this policy decision.
2020-03-10,Jane Smith,We must strengthen our stance against foreign threats.
2020-03-11,Jane Smith,Climate change legislation is crucial for our future.
2020-03-12,Jane Smith,Technology and data privacy must be protected.
2020-03-13,John Doe,Climate change legislation is crucial for our future.
2020-03-14,Jane Smith,We should enhance international collaboration for global peace.
2020-03-15,John Doe,Technology and data privacy must be protected.
2020-03-16,Jane Smith,Technology and data privacy must be protected.
2020-03-17,Michael Johnson,National security is our top priority in this policy decision.
2020-03-18,Michael Johnson,Technology and data privacy must be protected.
2020-03-19,Emily Clark,Climate change legislation is crucial for our future.
2020-03-20,Michael Johnson,Technology and data privacy must be protected.
2020-03-21,Emily Clark,National security is our top priority in this policy decision.
2020-03-22,Michael Johnson,National security is our top priority in this policy decision.
2020-03-23,John Doe,We should enhance international collaboration for global peace.
2020-03-24,Michael Johnson,Climate change legislation is crucial for our future.
2020-03-25,Emily Clark,Trade agreements must be fair and equitable for American workers.
2020-03-26,Emily Clark,Trade agreements must be fair and equitable for American workers.
2020-03-27,Jane Smith,Technology and data privacy must be protected.
2020-03-28,John Doe,We should enhance international collaboration for global peace.
2020-03-29,Michael Johnson,We must strengthen our stance against foreign threats.
2020-03-30,Jane Smith,Technology and data privacy must be protected.
2020-03-31,Michael Johnson,We should enhance international collaboration for global peace.
2020-04-01,Michael Johnson,Climate change legislation is crucial for our future.
2020-04-02,Jane Smith,Climate change legislation is crucial for our future.
2020-04-03,Jane Smith,Climate change legislation is crucial for our future.
2020-04-04,Jane Smith,Climate change legislation is crucial for our future.
2020-04-05,Jane Smith,Climate change legislation is crucial for our future.
2020-04-06,Jane Smith,We should enhance international collaboration for global peace.
2020-04-07,Michael Johnson,We should enhance international collaboration for global peace.
2020-04-08,Jane Smith,National security is our top priority in this policy decision.
2020-04-09,John Doe,Trade agreements must be fair and equitable for American workers.
